,Model,MSE,MAE,R2
0,LSTM,0.392515104,0.454296135,0.651546214
